,precision,recall,f1-score,support
0,0.9720501474926254,0.9786175662632712,0.9753228014354952,13469.0
1,0.9752428436344881,0.9676731490958718,0.9714432504174337,11724.0
accuracy,0.973524391696106,0.973524391696106,0.973524391696106,0.973524391696106
macro avg,0.9736464955635568,0.9731453576795714,0.9733830259264644,25193.0
weighted avg,0.9735359240800584,0.973524391696106,0.9735173850049091,25193.0
