,precision,recall,f1-score,support
0,0.9984798205446692,0.9997958047150548,0.9991373793026685,53870.0
1,0.9997650877717508,0.9982514873019596,0.9990077142216959,46897.0
accuracy,0.9990770788055613,0.9990770788055613,0.9990770788055613,0.9990770788055613
macro avg,0.99912245415821,0.9990236460085071,0.9990725467621822,100767.0
weighted avg,0.9990779843993881,0.9990770788055613,0.9990770331248289,100767.0
