,precision,recall,f1-score,support
0,0.9978502594514456,0.9994060435073131,0.9986275455321043,13469.0
1,0.9993164145945485,0.9975264414875469,0.99842062577368,11724.0
accuracy,0.9985313380700989,0.9985313380700989,0.9985313380700989,0.9985313380700989
macro avg,0.9985833370229971,0.99846624249743,0.9985240856528921,25193.0
weighted avg,0.9985325602055336,0.9985313380700989,0.9985312518295771,25193.0
