,precision,recall,f1-score,support
0,0.9278821736922296,0.9495136981216126,0.9385733157199472,13469.0
1,0.9404031551270815,0.9152166496076425,0.9276389729402611,11724.0
accuracy,0.9335529710633906,0.9335529710633906,0.9335529710633906,0.9335529710633906
macro avg,0.9341426644096555,0.9323651738646275,0.9331061443301041,25193.0
weighted avg,0.9337090298166373,0.9335529710633906,0.9334848294440355,25193.0
