,precision,recall,f1-score,support
0,0.9144562334217506,0.9471505476146278,0.930516294931884,53870.0
1,0.9451909748960419,0.9113978095414887,0.9279868448409473,53870.0
accuracy,0.9292741785780583,0.9292741785780583,0.9292741785780583,0.9292741785780583
macro avg,0.9298236041588963,0.9292741785780583,0.9292515698864157,107740.0
weighted avg,0.9298236041588963,0.9292741785780583,0.9292515698864157,107740.0
