,precision,recall,f1-score,support
0,0.9980719317760475,0.9992575543841413,0.9986643911849818,13469.0
1,0.999564649542882,0.9997822773786197,0.9996734516164145,9186.0
2,0.9987068965517242,0.9948475740661228,0.99677349967735,2329.0
3,0.9947916666666666,0.9597989949748744,0.9769820971867008,199.0
4,0.75,0.6,0.6666666666666666,10.0
accuracy,0.9985710316357719,0.9985710316357719,0.9985710316357719,0.9985710316357719
macro avg,0.9482270289074641,0.9107372801607516,0.9277520212664229,25193.0
weighted avg,0.9985505348123737,0.9985710316357719,0.9985544633896034,25193.0
