,precision,recall,f1-score,support
0,0.9984421364985163,0.9992575543841413,0.9988496790233404,13469.0
1,0.999564649542882,0.9997822773786197,0.9996734516164145,9186.0
2,0.9991379310344828,0.9952769428939459,0.9972036997203699,2329.0
3,0.9848484848484849,0.9798994974874372,0.982367758186398,199.0
4,0.7142857142857143,0.5,0.5882352941176471,10.0
accuracy,0.9987298058984638,0.9987298058984638,0.9987298058984638,0.9987298058984638
macro avg,0.939255783242016,0.8948432544288287,0.9132659765328339,25193.0
weighted avg,0.9986955882271444,0.9987298058984638,0.9987047039567646,25193.0
