,precision,recall,f1-score,support
0,0.9274234601119918,0.9468408939045215,0.9370315944158707,13469.0
1,0.9374235273553575,0.9148754691231662,0.9260122593455927,11724.0
accuracy,0.9319652284364704,0.9319652284364704,0.9319652284364704,0.9319652284364704
macro avg,0.9324234937336746,0.9308581815138439,0.9315219268807318,25193.0
weighted avg,0.9320771650443627,0.9319652284364704,0.9319035555017303,25193.0
