,precision,recall,f1-score,support
0,0.97033454104059,0.9793948394282532,0.9748436388496253,53870.0
1,0.9792006296025634,0.9700575459439391,0.9746076447494801,53870.0
accuracy,0.9747261926860962,0.9747261926860962,0.9747261926860962,0.9747261926860962
macro avg,0.9747675853215767,0.9747261926860962,0.9747256417995527,107740.0
weighted avg,0.9747675853215767,0.9747261926860962,0.9747256417995527,107740.0
