,precision,recall,f1-score,support
0,0.9700396533999118,0.9807706585492613,0.9753756414516188,13469.0
1,0.9776241900647948,0.9651995905834186,0.9713721618953604,11724.0
accuracy,0.973524391696106,0.973524391696106,0.973524391696106,0.973524391696106
macro avg,0.9738319217323533,0.9729851245663399,0.9733739016734896,25193.0
weighted avg,0.9735692492344329,0.973524391696106,0.9735125527238939,25193.0
