,precision,recall,f1-score,support
0,0.9989611931438748,0.9995545326304848,0.999257774808877,13469.0
1,0.999487879822465,0.998805868304333,0.9991467576791809,11724.0
accuracy,0.9992061286865399,0.9992061286865399,0.9992061286865399,0.9992061286865399
macro avg,0.9992245364831699,0.9991802004674089,0.999202266244029,25193.0
weighted avg,0.9992062959351179,0.9992061286865399,0.999206111059877,25193.0
