,precision,recall,f1-score,support
0,0.9366927005106639,0.9260524166604797,0.93134216912451,13469.0
1,0.9161404395049255,0.9280962128966224,0.9220795728994534,11724.0
accuracy,0.9270035327273449,0.9270035327273449,0.9270035327273449,0.9270035327273449
macro avg,0.9264165700077946,0.927074314778551,0.9267108710119817,25193.0
weighted avg,0.9271283489832047,0.9270035327273449,0.9270316591359195,25193.0
