,precision,recall,f1-score,support
0,0.9987388724035609,0.9995545326304848,0.9991465360495752,13469.0
1,0.9994877486553402,0.9985499829409757,0.9990186457311089,11724.0
accuracy,0.9990870479895209,0.9990870479895209,0.9990870479895209,0.9990870479895209
macro avg,0.9991133105294505,0.9990522577857303,0.999082590890342,25193.0
weighted avg,0.9990873749707764,0.9990870479895209,0.9990870200691957,25193.0
