,precision,recall,f1-score,support
0,0.9561639845627321,0.9749053381839781,0.9654437173737225,13469.0
1,0.9705061082024433,0.9486523370863187,0.9594547964113181,11724.0
accuracy,0.9626880482673759,0.9626880482673759,0.9626880482673759,0.9626880482673759
macro avg,0.9633350463825877,0.9617788376351484,0.9624492568925203,25193.0
weighted avg,0.9628383408343938,0.9626880482673759,0.9626566690125417,25193.0
