,precision,recall,f1-score,support
0,0.9273295991852768,0.9464696710965922,0.9368018812463257,13469.0
1,0.9370085619430368,0.9147901740020471,0.9257660768234787,11724.0
accuracy,0.9317270670424325,0.9317270670424325,0.9317270670424325,0.9317270670424325
macro avg,0.9321690805641568,0.9306299225493196,0.9312839790349021,25193.0
weighted avg,0.9318338725696287,0.9317270670424325,0.9316661780329942,25193.0
