,precision,recall,f1-score,support
0,0.9164799383796652,0.9718396138852794,0.943348289096708,53870.0
1,0.9652407029764223,0.8982664136298697,0.9305500331345262,46897.0
accuracy,0.9375986185953735,0.9375986185953735,0.9375986185953735,0.9375986185953735
macro avg,0.9408603206780437,0.9350530137575745,0.9369491611156171,100767.0
weighted avg,0.9391732167078293,0.9375986185953735,0.9373919759201875,100767.0
