,precision,recall,f1-score,support
0,0.9368510158013544,0.9245034341934286,0.9306362702046155,53870.0
1,0.9145713865607998,0.9284175960082734,0.9214424786252434,46897.0
accuracy,0.9263250865858863,0.9263250865858863,0.9263250865858863,0.9263250865858863
macro avg,0.9257112011810771,0.926460515100851,0.9260393744149295,100767.0
weighted avg,0.9264820679067631,0.9263250865858863,0.9263574761182795,100767.0
