,precision,recall,f1-score,support
0,0.9986646884272997,0.999480288068899,0.9990723217930164,13469.0
1,0.9994023734312303,0.9984646878198568,0.9989333105772923,11724.0
accuracy,0.9990076608581749,0.9990076608581749,0.9990076608581749,0.9990076608581749
macro avg,0.9990335309292651,0.9989724879443779,0.9990028161851543,25193.0
weighted avg,0.9990079829530044,0.9990076608581749,0.9990076305099954,25193.0
