,precision,recall,f1-score,support
0,0.9491363469312752,0.9587200237582597,0.9539041146487405,13469.0
1,0.9520193303417328,0.9409757761856021,0.9464653397391901,11724.0
accuracy,0.9504624300400905,0.9504624300400905,0.9504624300400905,0.9504624300400905
macro avg,0.950577838636504,0.9498478999719309,0.9501847271939653,25193.0
weighted avg,0.9504779933213123,0.9504624300400905,0.9504423515780633,25193.0
