,precision,recall,f1-score,support
0,0.9985908180671957,0.9996287771920707,0.9991095280498664,13469.0
1,0.9995730145175064,0.9983793926987377,0.9989758470598276,11724.0
accuracy,0.9990473544238478,0.9990473544238478,0.9990473544238478,0.9990473544238478
macro avg,0.999081916292351,0.9990040849454042,0.999042687554847,25193.0
weighted avg,0.9990479002401581,0.9990473544238478,0.9990473172799218,25193.0
