,precision,recall,f1-score,support
0,0.9989612702181333,0.9996287771920707,0.9992949122351282,13469.0
1,0.9995731967562953,0.998805868304333,0.9991893852126797,11724.0
accuracy,0.9992458222522129,0.9992458222522129,0.9992458222522129,0.9992458222522129
macro avg,0.9992672334872144,0.9992173227482019,0.999242148723904,25193.0
weighted avg,0.999246040858129,0.9992458222522129,0.9992458034028658,25193.0
