,precision,recall,f1-score,support
0,0.9979986657771848,0.9996287771920707,0.998813056379822,13469.0
1,0.9995727226115194,0.9976970317297851,0.9986339964142406,11724.0
accuracy,0.9987298058984638,0.9987298058984638,0.9987298058984638,0.9987298058984638
macro avg,0.998785694194352,0.9986629044609279,0.9987235263970313,25193.0
weighted avg,0.9987311804568869,0.9987298058984638,0.9987297277156504,25193.0
