,precision,recall,f1-score,support
0,0.9999628735845554,0.9999628735845554,0.9999628735845554,53870.0
1,0.9999573533488283,0.9999573533488283,0.9999573533488283,46897.0
accuracy,0.9999603044647554,0.9999603044647554,0.9999603044647554,0.9999603044647554
macro avg,0.9999601134666918,0.9999601134666918,0.9999601134666918,100767.0
weighted avg,0.9999603044647554,0.9999603044647554,0.9999603044647554,100767.0
