,precision,recall,f1-score,support
0,0.9717859113481699,0.9808056432151476,0.9762749445676275,53870.0
1,0.9777140763411427,0.9672900185512933,0.9724741140909383,46897.0
accuracy,0.9745154663729197,0.9745154663729197,0.9745154663729197,0.9745154663729197
macro avg,0.9747499938446563,0.9740478308832204,0.9743745293292829,100767.0
weighted avg,0.9745448815832216,0.9745154663729197,0.9745060366229106,100767.0
