,precision,recall,f1-score,support
0,0.9193963418874748,0.9815131041651199,0.949439816144786,13469.0
1,0.9769742925836878,0.9011429546229955,0.9375277309432958,11724.0
accuracy,0.9441114595324098,0.9441114595324098,0.9441114595324098,0.9441114595324098
macro avg,0.9481853172355813,0.9413280293940578,0.9434837735440409,25193.0
weighted avg,0.946191241024632,0.9441114595324098,0.9438963204554169,25193.0
