,precision,recall,f1-score,support
0,0.9560847716845094,0.9746826044992204,0.9652941176470589,13469.0
1,0.9702495201535508,0.9485670419651996,0.9592857758992496,11724.0
accuracy,0.9625292740046838,0.9625292740046838,0.9625292740046838,0.9625292740046838
macro avg,0.9631671459190301,0.96162482323221,0.9622899467731543,25193.0
weighted avg,0.9626765833405664,0.9625292740046838,0.9624980314861682,25193.0
