,precision,recall,f1-score,support
0,0.927866473149492,0.949290964436855,0.9384564571176924,13469.0
1,0.9401559624989048,0.9152166496076425,0.9275186930025501,11724.0
accuracy,0.9334338903663716,0.9334338903663716,0.9334338903663716,0.9334338903663716
macro avg,0.9340112178241984,0.9322538070222488,0.9329875750601213,25193.0
weighted avg,0.9335856004123234,0.9334338903663716,0.9333663786639185,25193.0
