,precision,recall,f1-score,support
0,0.9991091314031181,0.9991833098225555,0.9991462192360518,13469.0
1,0.9996734871571615,0.9998911386893098,0.9997823010776097,9186.0
2,0.9995693367786391,0.9965650493774152,0.9980649322726295,2329.0
3,0.9751243781094527,0.9849246231155779,0.98,199.0
4,0.75,0.9,0.8181818181818182,10.0
accuracy,0.9990473544238478,0.9990473544238478,0.9990473544238478,0.9990473544238478
macro avg,0.9446952666896742,0.9761128242009718,0.9590350541536218,25193.0
weighted avg,0.9990691176317038,0.9990473544238478,0.9990551220590672,25193.0
