,precision,recall,f1-score,support
0,0.9985894580549369,0.9986635978914544,0.9986265265971268,13469.0
1,0.9996734516164145,0.9997822773786197,0.9997278615359495,9186.0
2,0.9982788296041308,0.9961356805495921,0.9972061035890823,2329.0
3,0.9603960396039604,0.9748743718592965,0.9675810473815462,199.0
4,0.7,0.7,0.7,10.0
accuracy,0.9985313380700989,0.9985313380700989,0.9985313380700989,0.9985313380700989
macro avg,0.9313875557758886,0.9338911855357924,0.932628307820741,25193.0
weighted avg,0.9985357814916658,0.9985313380700989,0.9985330237166606,25193.0
